image_id,predicted_label
14127,Cancer
11396,Cancer
14260,Immune
12329,Immune
13412,Connective
14325,Connective
13139,Connective
12743,Connective
14990,Immune
10760,Cancer
12867,Cancer
13570,Connective
12684,Normal
13612,Normal
12204,Cancer
13159,Connective
10188,Connective
11953,Normal
12956,Normal
12139,Connective
12727,Immune
14516,Immune
11572,Connective
11070,Connective
11927,Immune
10107,Immune
13744,Connective
13907,Connective
14555,Immune
12470,Immune
13513,Cancer
13964,Cancer
11901,Connective
11711,Immune
10696,Connective
11506,Connective
14202,Immune
13767,Cancer
13009,Cancer
14348,Connective
10124,Connective
13691,Immune
10316,Immune
11246,Immune
14502,Connective
13679,Normal
13556,Cancer
14750,Immune
14993,Connective
11695,Connective
10106,Connective
13018,Connective
12631,Immune
11196,Immune
10496,Immune
13908,Immune
13644,Normal
13314,Immune
13337,Cancer
10149,Connective
13696,Connective
10563,Connective
13235,Immune
11208,Immune
10163,Cancer
10628,Normal
12757,Cancer
11970,Connective
13822,Cancer
13385,Connective
10272,Cancer
13281,Cancer
10062,Immune
10054,Immune
12356,Immune
14037,Cancer
13398,Connective
10493,Immune
12876,Connective
11549,Immune
13812,Connective
10759,Cancer
12429,Normal
11659,Immune
10104,Connective
13578,Immune
11822,Immune
14686,Normal
13404,Connective
12381,Cancer
11766,Cancer
12490,Immune
14022,Connective
14212,Cancer
10626,Immune
12056,Immune
13521,Connective
11006,Connective
12412,Immune
14702,Connective
10299,Connective
13416,Connective
14173,Immune
12468,Immune
10797,Cancer
10874,Connective
10897,Immune
11251,Immune
12022,Cancer
14703,Connective
12525,Immune
12032,Immune
10972,Immune
10501,Connective
10829,Connective
12105,Connective
10799,Cancer
13952,Immune
13054,Immune
11874,Connective
12004,Connective
14448,Connective
13690,Connective
14395,Immune
14490,Connective
14236,Connective
13482,Connective
12034,Connective
12305,Connective
14743,Immune
11322,Connective
11457,Immune
12920,Connective
10597,Connective
14404,Cancer
11545,Cancer
11617,Connective
13638,Normal
14801,Connective
11460,Cancer
12177,Normal
11482,Connective
13078,Connective
13709,Cancer
11780,Normal
10213,Connective
13824,Immune
12348,Immune
12508,Cancer
10464,Cancer
14756,Normal
10466,Cancer
11100,Cancer
10920,Connective
13514,Connective
11176,Connective
10942,Cancer
13961,Connective
13826,Cancer
12261,Immune
10547,Connective
11437,Cancer
11765,Connective
12451,Cancer
13526,Immune
10713,Connective
11454,Connective
10492,Cancer
15004,Immune
12267,Immune
12855,Immune
10167,Immune
13380,Connective
12724,Immune
13976,Immune
14813,Connective
14589,Immune
12748,Cancer
13594,Cancer
10483,Immune
14642,Connective
13643,Immune
10431,Cancer
14944,Cancer
14826,Cancer
11884,Immune
11034,Cancer
11275,Immune
10481,Connective
11938,Immune
14320,Immune
10728,Connective
13053,Cancer
10198,Immune
14719,Immune
12699,Connective
13748,Cancer
12516,Connective
14579,Connective
13443,Cancer
14921,Immune
14759,Immune
14825,Cancer
11845,Immune
15018,Immune
13547,Immune
12651,Connective
14416,Cancer
13286,Connective
12922,Connective
12385,Cancer
14650,Cancer
11860,Connective
10784,Immune
13664,Connective
11135,Cancer
13546,Connective
13960,Cancer
14394,Connective
12760,Connective
14134,Connective
11213,Connective
14157,Connective
12467,Immune
10977,Immune
11393,Immune
11003,Cancer
10345,Immune
12320,Connective
10215,Connective
13290,Immune
12125,Immune
13308,Immune
12899,Connective
10612,Connective
10544,Connective
12983,Connective
14715,Immune
13085,Cancer
15017,Immune
14151,Connective
11914,Immune
12697,Immune
14972,Connective
12254,Immune
13155,Immune
12889,Immune
12574,Immune
10301,Cancer
10841,Connective
10016,Connective
12590,Connective
13244,Cancer
11130,Connective
14612,Immune
14338,Cancer
14791,Connective
10077,Cancer
10551,Connective
12872,Connective
10446,Immune
11258,Immune
12642,Connective
14525,Normal
12235,Cancer
14653,Immune
14287,Immune
10830,Connective
11217,Connective
14892,Normal
13605,Connective
14340,Immune
13676,Immune
13183,Immune
13731,Immune
13548,Immune
12554,Connective
14926,Immune
14342,Immune
14295,Immune
11369,Immune
10896,Connective
11621,Connective
11691,Connective
14805,Connective
11758,Connective
12077,Connective
13375,Connective
11672,Immune
13858,Immune
10443,Immune
13839,Immune
12869,Immune
14074,Immune
12376,Connective
14034,Immune
13756,Immune
11625,Immune
12248,Immune
12051,Immune
10083,Immune
12656,Immune
12547,Cancer
13418,Cancer
11542,Connective
11388,Connective
13202,Connective
10288,Immune
10926,Cancer
14907,Connective
12655,Immune
12721,Connective
12366,Cancer
12971,Immune
12779,Cancer
12117,Immune
10170,Cancer
14868,Immune
12202,Immune
13806,Cancer
12620,Immune
13833,Immune
12346,Cancer
12107,Immune
13994,Immune
11851,Immune
11773,Connective
14460,Cancer
13832,Immune
14468,Connective
15000,Connective
12294,Immune
13226,Immune
13099,Connective
14088,Connective
12499,Immune
12575,Immune
14488,Immune
10171,Connective
13982,Connective
10860,Immune
13201,Immune
11779,Connective
14535,Immune
10261,Connective
13449,Immune
12938,Immune
11787,Immune
12276,Cancer
13477,Cancer
11864,Connective
12270,Immune
11913,Connective
12493,Connective
14376,Connective
12884,Immune
12745,Normal
12671,Cancer
12351,Normal
11236,Immune
12687,Immune
13697,Immune
14588,Connective
10865,Cancer
10082,Connective
12957,Immune
14812,Immune
10437,Connective
14061,Cancer
12492,Immune
11810,Connective
14965,Immune
14765,Immune
11999,Immune
11543,Immune
14176,Connective
11500,Connective
11160,Immune
11536,Immune
13956,Connective
14421,Normal
12625,Immune
10468,Connective
12197,Connective
10884,Connective
13001,Cancer
14558,Connective
14474,Connective
11618,Normal
15038,Connective
12205,Connective
10840,Immune
14143,Cancer
13275,Immune
14225,Connective
11475,Cancer
12111,Cancer
11578,Connective
12658,Immune
13592,Normal
14232,Immune
10279,Cancer
10877,Immune
10408,Cancer
11305,Connective
14924,Cancer
13112,Normal
11079,Immune
14155,Connective
14661,Connective
10653,Connective
12714,Immune
11444,Connective
12319,Connective
10695,Immune
14955,Immune
13315,Immune
10023,Immune
13051,Connective
12977,Immune
11719,Connective
13458,Immune
11073,Immune
14643,Connective
10639,Connective
12873,Connective
12357,Immune
12897,Immune
10094,Normal
13942,Immune
11641,Immune
12608,Connective
12693,Immune
13658,Immune
12059,Connective
15019,Connective
14012,Connective
13686,Cancer
10912,Cancer
12558,Connective
11240,Connective
11395,Connective
14679,Immune
12023,Immune
14861,Connective
12615,Immune
10691,Connective
14393,Connective
14684,Immune
15002,Cancer
11598,Cancer
13200,Cancer
13382,Connective
14455,Immune
10856,Cancer
12435,Connective
10442,Connective
13492,Immune
12286,Immune
11586,Connective
10978,Immune
10230,Immune
12012,Connective
12487,Immune
13188,Connective
12219,Connective
14095,Connective
12604,Cancer
13368,Normal
13463,Connective
13468,Immune
14253,Immune
14676,Connective
10637,Immune
14035,Immune
10580,Immune
13758,Connective
11751,Immune
12847,Cancer
10541,Immune
10255,Immune
13464,Connective
12322,Connective
11469,Connective
13437,Connective
11282,Immune
11533,Connective
12500,Immune
14445,Connective
11724,Immune
13253,Connective
14467,Connective
14470,Immune
10656,Cancer
14536,Connective
13811,Cancer
12076,Immune
14306,Immune
14948,Connective
11232,Connective
12883,Immune
10324,Cancer
11493,Immune
14201,Immune
10424,Connective
12702,Connective
11749,Immune
11829,Immune
14175,Immune
14209,Connective
14614,Connective
10512,Cancer
11973,Cancer
14288,Immune
12246,Immune
10583,Cancer
14464,Connective
13536,Immune
11177,Immune
14369,Immune
13180,Immune
14083,Immune
14721,Cancer
10434,Cancer
13149,Connective
13400,Immune
11063,Immune
12917,Connective
14199,Connective
14540,Immune
10066,Cancer
14547,Connective
10573,Immune
13240,Immune
14675,Immune
13634,Immune
13174,Connective
13629,Connective
11605,Connective
12881,Immune
15027,Connective
11296,Cancer
12504,Cancer
12112,Connective
10321,Immune
13675,Immune
11792,Immune
10634,Connective
12087,Immune
13029,Connective
10661,Cancer
13831,Cancer
11856,Immune
12950,Immune
10137,Immune
13481,Immune
14929,Normal
12203,Immune
12244,Immune
12321,Immune
12148,Connective
14477,Immune
11012,Immune
11417,Connective
10311,Cancer
13996,Immune
11582,Cancer
13683,Immune
13873,Immune
14053,Cancer
10902,Cancer
11418,Immune
10147,Connective
11360,Cancer
12716,Immune
10498,Immune
11767,Immune
14104,Cancer
11290,Connective
13622,Immune
11882,Immune
11658,Cancer
14724,Immune
11678,Immune
14621,Cancer
13255,Immune
14341,Connective
13955,Immune
10482,Connective
14291,Immune
10427,Connective
14222,Connective
12471,Connective
12926,Immune
13448,Connective
11903,Connective
12965,Connective
10636,Connective
13837,Immune
12805,Connective
13933,Connective
12324,Cancer
13008,Connective
14132,Immune
10121,Connective
13388,Connective
14435,Connective
14487,Immune
13606,Normal
11406,Connective
11167,Immune
13408,Connective
13825,Connective
13256,Connective
12229,Immune
11836,Immune
14399,Immune
11427,Immune
11557,Immune
11346,Cancer
11090,Immune
11402,Immune
12670,Connective
12446,Immune
13383,Connective
13528,Connective
11439,Cancer
13058,Connective
11531,Cancer
10480,Normal
12196,Connective
13902,Cancer
13379,Immune
12680,Cancer
13795,Immune
14429,Immune
12391,Immune
13843,Connective
14840,Connective
14360,Immune
12280,Connective
10939,Cancer
13735,Connective
14285,Immune
13238,Immune
13169,Connective
13165,Immune
14308,Connective
14660,Immune
12649,Immune
14978,Connective
10086,Immune
14028,Immune
10546,Immune
12726,Connective
11413,Connective
11389,Connective
12674,Cancer
14578,Cancer
11324,Immune
13910,Connective
14821,Connective
13436,Immune
14553,Immune
13270,Immune
10674,Connective
14329,Immune
11546,Connective
10135,Connective
12572,Connective
11907,Immune
12677,Immune
13217,Immune
12600,Connective
12251,Connective
12149,Connective
14912,Connective
11337,Connective
11708,Connective
12890,Connective
12302,Immune
14641,Connective
10178,Cancer
12236,Immune
14938,Cancer
11638,Cancer
11877,Connective
14700,Immune
12279,Connective
13953,Immune
11764,Connective
14767,Immune
14999,Connective
11484,Immune
12386,Immune
13073,Connective
11627,Normal
14005,Connective
10366,Connective
13820,Cancer
14138,Immune
11846,Immune
10665,Immune
10040,Immune
14397,Immune
10440,Connective
13619,Connective
13901,Connective
12811,Immune
13659,Connective
13156,Connective
11347,Connective
12373,Connective
11185,Connective
13123,Connective
11377,Immune
14263,Immune
12913,Connective
14713,Connective
11025,Connective
13084,Immune
10502,Immune
10855,Cancer
11200,Immune
10924,Normal
13496,Cancer
10987,Connective
13271,Connective
11532,Immune
11184,Immune
14018,Immune
10233,Immune
14698,Immune
13899,Connective
10335,Immune
12944,Connective
11267,Connective
14775,Connective
10806,Connective
14988,Connective
13326,Connective
12877,Immune
11701,Connective
11707,Immune
10376,Immune
14897,Connective
11768,Normal
11423,Immune
13906,Immune
13796,Cancer
13266,Connective
14275,Connective
14386,Immune
13575,Immune
10280,Connective
13092,Immune
10370,Cancer
12672,Cancer
12896,Connective
10528,Immune
12310,Immune
12307,Connective
14245,Connective
13711,Immune
10022,Cancer
11971,Immune
11606,Immune
12628,Connective
11243,Immune
10465,Immune
14668,Connective
10343,Immune
10998,Connective
12570,Connective
11383,Immune
14424,Connective
12958,Immune
11394,Normal
10708,Immune
10722,Cancer
10688,Connective
11015,Connective
11451,Connective
14930,Immune
14616,Connective
10811,Connective
12496,Immune
12410,Connective
10894,Connective
13560,Connective
12479,Connective
12378,Connective
10035,Connective
10802,Immune
14130,Immune
14884,Connective
11044,Connective
13285,Cancer
13763,Immune
11448,Immune
10616,Connective
11365,Connective
13248,Cancer
11364,Connective
14562,Immune
13916,Immune
12247,Immune
13890,Connective
11313,Immune
11945,Connective
12668,Immune
10762,Connective
13977,Immune
10834,Cancer
11103,Connective
14755,Connective
10891,Immune
11612,Immune
11941,Immune
14697,Connective
15037,Immune
12436,Cancer
14286,Cancer
13985,Immune
13405,Immune
12850,Immune
11170,Immune
14006,Immune
13628,Connective
14450,Immune
12911,Cancer
13022,Immune
11743,Normal
11270,Connective
10742,Cancer
13500,Immune
14649,Connective
13580,Connective
11036,Connective
10997,Immune
12431,Immune
14154,Normal
13036,Immune
14398,Connective
10533,Connective
11152,Cancer
14089,Immune
11334,Connective
12923,Immune
12539,Cancer
11671,Immune
10194,Connective
13790,Immune
13104,Immune
12223,Connective
11433,Immune
13184,Immune
12450,Immune
12415,Connective
11808,Connective
13740,Connective
13215,Connective
10090,Connective
12239,Connective
11226,Cancer
10540,Connective
11297,Cancer
12128,Immune
14817,Cancer
13378,Immune
10096,Cancer
10741,Normal
15039,Immune
11885,Connective
11265,Connective
10614,Connective
10226,Connective
13050,Immune
13963,Immune
14576,Cancer
10915,Connective
10647,Cancer
12999,Immune
10457,Connective
14514,Immune
15013,Cancer
12746,Connective
10985,Connective
10872,Cancer
11483,Immune
12383,Connective
12284,Immune
10929,Immune
14163,Connective
14008,Immune
10378,Immune
13137,Immune
11722,Connective
13523,Connective
12157,Immune
14891,Connective
11502,Immune
10768,Connective
11818,Connective
11157,Immune
12932,Connective
13685,Connective
13417,Connective
13321,Immune
13743,Normal
10599,Immune
14080,Connective
13610,Connective
14248,Connective
14877,Cancer
12834,Connective
14428,Immune
12344,Immune
10322,Immune
10737,Immune
14509,Immune
13040,Connective
11524,Cancer
12347,Immune
10731,Connective
10209,Immune
14292,Normal
10059,Connective
13581,Immune
13466,Connective
10297,Connective
12482,Cancer
14970,Cancer
14774,Immune
10374,Cancer
13759,Immune
14873,Cancer
14052,Immune
11623,Connective
11111,Normal
12393,Immune
12263,Cancer
12463,Cancer
14611,Immune
10553,Immune
14243,Immune
12033,Immune
10399,Immune
13954,Normal
10243,Cancer
10210,Connective
10139,Immune
11869,Connective
12661,Immune
14951,Immune
10809,Cancer
14167,Immune
12534,Immune
13789,Immune
10160,Immune
11467,Connective
11660,Immune
12093,Immune
10225,Connective
11667,Connective
11211,Connective
12006,Connective
12960,Cancer
14778,Cancer
11652,Cancer
11807,Connective
12444,Connective
13473,Immune
10294,Cancer
11405,Normal
13912,Immune
10743,Immune
12144,Immune
11513,Connective
12013,Cancer
12153,Connective
13086,Immune
11834,Cancer
14582,Immune
13648,Immune
12560,Immune
14357,Cancer
13381,Immune
11256,Connective
10009,Cancer
13349,Connective
13712,Immune
14689,Immune
10315,Immune
11853,Connective
10475,Immune
12054,Immune
14843,Connective
10296,Immune
13855,Normal
12138,Normal
14584,Immune
14277,Connective
11030,Connective
10778,Immune
10938,Immune
10411,Immune
10622,Connective
12048,Immune
12764,Immune
14279,Immune
10141,Cancer
13729,Immune
11843,Immune
13439,Connective
13132,Connective
13210,Immune
12821,Immune
12293,Cancer
10868,Connective
12041,Immune
14379,Immune
14214,Immune
11529,Connective
14044,Immune
12814,Immune
14289,Connective
14321,Connective
10663,Connective
12738,Normal
10565,Immune
11430,Connective
14077,Connective
10351,Connective
11150,Immune
12384,Connective
14449,Connective
13348,Connective
12461,Immune
12934,Immune
11757,Connective
10300,Immune
12964,Immune
14129,Immune
12997,Immune
12735,Immune
11106,Immune
13720,Cancer
13671,Connective
13716,Immune
12091,Connective
13329,Cancer
13422,Immune
13883,Connective
10621,Connective
12323,Connective
12191,Cancer
10789,Cancer
14309,Immune
14829,Connective
11974,Connective
13069,Connective
14701,Immune
10812,Connective
11675,Immune
10112,Immune
12962,Connective
13879,Connective
10620,Connective
10670,Immune
14506,Immune
14391,Connective
10991,Immune
10119,Immune
14746,Immune
12824,Cancer
13650,Immune
13295,Immune
14266,Cancer
14427,Cancer
12044,Connective
13900,Connective
10615,Connective
10051,Immune
11696,Connective
11566,Immune
12857,Immune
12634,Immune
13206,Cancer
11498,Connective
14933,Immune
10867,Immune
13997,Cancer
10467,Cancer
11212,Immune
13710,Immune
12330,Immune
10318,Cancer
11573,Connective
13498,Immune
13646,Immune
13076,Cancer
12803,Normal
12792,Connective
13815,Immune
12184,Connective
10091,Immune
10957,Connective
14114,Normal
11607,Connective
12433,Immune
12618,Connective
13518,Immune
11264,Connective
12736,Immune
10358,Connective
13287,Connective
14677,Connective
10285,Cancer
14857,Cancer
14117,Cancer
11661,Connective
12073,Immune
13384,Immune
13273,Immune
11020,Immune
10794,Immune
10065,Immune
10548,Immune
11898,Immune
14739,Immune
14896,Immune
14761,Connective
10126,Immune
12843,Connective
10348,Connective
11245,Immune
12517,Cancer
13503,Immune
14956,Connective
13502,Immune
11021,Connective
11156,Connective
14110,Immune
14239,Connective
14491,Connective
15020,Connective
14219,Cancer
12069,Connective
14777,Immune
11887,Cancer
14768,Connective
13346,Immune
11428,Connective
11713,Immune
10013,Immune
11802,Cancer
10557,Immune
13446,Connective
11556,Cancer
11107,Connective
14632,Immune
12523,Immune
11390,Cancer
10956,Connective
10558,Connective
11583,Connective
10093,Immune
11031,Connective
11306,Connective
10959,Immune
14928,Connective
13888,Immune
11214,Immune
10988,Connective
11035,Immune
10881,Connective
11343,Immune
10808,Immune
12423,Immune
14943,Connective
11188,Connective
13038,Immune
10414,Immune
14036,Immune
11611,Connective
12910,Connective
14631,Connective
11468,Immune
12982,Immune
13655,Immune
12457,Connective
14459,Immune
14123,Cancer
10425,Immune
11485,Cancer
10422,Immune
11740,Immune
13323,Connective
12713,Cancer
11168,Immune
11489,Immune
14031,Immune
13798,Cancer
14515,Immune
11720,Immune
10712,Cancer
13752,Immune
12758,Connective
12058,Connective
10485,Connective
13469,Immune
13770,Immune
10958,Cancer
14262,Connective
14373,Connective
12804,Immune
14526,Connective
13306,Cancer
13844,Cancer
14027,Connective
12061,Immune
10026,Connective
10698,Connective
12259,Immune
12503,Immune
13229,Connective
13344,Connective
13886,Connective
14838,Immune
13998,Connective
13792,Immune
11181,Cancer
13971,Connective
12780,Immune
12544,Immune
13786,Immune
15035,Immune
12169,Connective
14622,Cancer
14396,Immune
11239,Connective
13291,Immune
12701,Connective
14949,Connective
12733,Connective
10517,Cancer
12502,Connective
11050,Connective
14733,Cancer
13472,Connective
10716,Connective
13567,Immune
13087,Immune
13943,Cancer
12681,Cancer
10461,Immune
13817,Connective
10456,Immune
12892,Immune
11872,Immune
13765,Connective
13714,Cancer
14493,Connective
14147,Immune
10256,Connective
14483,Connective
10038,Connective
12016,Immune
12264,Cancer
13257,Immune
13692,Connective
12903,Connective
14748,Connective
12868,Connective
12292,Connective
10538,Immune
11209,Immune
11492,Immune
13426,Immune
14645,Immune
12669,Immune
10138,Cancer
10017,Immune
10570,Immune
13147,Connective
11327,Connective
12343,Connective
11673,Connective
13876,Immune
12949,Immune
12506,Immune
11102,Connective
10635,Connective
12513,Immune
11863,Cancer
11832,Connective
13695,Immune
12099,Cancer
10705,Connective
11071,Immune
11099,Cancer
14111,Immune
13328,Immune
11811,Immune
13423,Cancer
10893,Connective
14159,Connective
11391,Connective
14116,Immune
10037,Connective
11831,Cancer
14704,Immune
14587,Connective
10908,Immune
11915,Cancer
14651,Connective
12895,Connective
14235,Connective
12113,Immune
12201,Immune
13114,Connective
10532,Connective
11466,Immune
13920,Immune
12312,Cancer
14786,Immune
11371,Connective
11443,Connective
12441,Connective
10143,Connective
12995,Connective
11732,Cancer
13949,Immune
11602,Immune
11187,Immune
10654,Normal
14828,Immune
14451,Immune
10918,Immune
12742,Connective
12830,Cancer
15003,Immune
12729,Connective
11893,Immune
12156,Connective
11615,Immune
10765,Connective
11193,Connective
13918,Immune
10962,Immune
10756,Immune
11728,Connective
12915,Immune
14255,Immune
14368,Immune
10489,Immune
10254,Cancer
12666,Cancer
12705,Cancer
11378,Immune
10002,Connective
14158,Cancer
14781,Immune
13545,Cancer
13978,Immune
14187,Connective
13129,Connective
10193,Connective
11960,Connective
10779,Connective
12211,Immune
11207,Immune
10111,Cancer
12813,Immune
11746,Cancer
10353,Cancer
12637,Immune
11827,Immune
10979,Cancer
10341,Connective
14032,Connective
10790,Immune
11201,Connective
14947,Connective
11164,Immune
12160,Connective
11399,Cancer
10534,Connective
11687,Immune
11078,Connective
13771,Connective
12189,Immune
10008,Cancer
14115,Immune
10365,Immune
12974,Immune
11415,Cancer
12979,Normal
13442,Connective
12266,Cancer
12370,Connective
14447,Immune
10302,Immune
13391,Connective
11009,Immune
12795,Immune
12622,Normal
13673,Immune
11179,Normal
10211,Immune
11551,Cancer
11699,Immune
11462,Cancer
10421,Immune
12104,Connective
14789,Cancer
10672,Connective
13882,Cancer
11516,Cancer
12667,Immune
13872,Connective
12641,Immune
10042,Connective
10236,Cancer
13067,Immune
12882,Connective
11316,Immune
12816,Normal
10632,Immune
14976,Connective
13563,Cancer
12818,Cancer
12785,Connective
11362,Immune
11604,Normal
10081,Cancer
13938,Connective
13487,Connective
14923,Immune
10045,Connective
11789,Connective
14330,Immune
12159,Immune
13973,Immune
10451,Connective
14638,Normal
10971,Connective
13251,Immune
11330,Connective
11058,Immune
12763,Immune
11592,Connective
14224,Immune
12018,Immune
11095,Connective
13723,Connective
11795,Cancer
10633,Connective
11790,Cancer
12799,Normal
10418,Connective
14076,Immune
12831,Connective
10113,Immune
10309,Immune
13793,Immune
13788,Cancer
10610,Connective
14420,Immune
10831,Immune
13249,Immune
12576,Cancer
10677,Cancer
12597,Immune
10571,Connective
10347,Immune
13144,Connective
10804,Immune
10216,Normal
14168,Connective
13151,Connective
13015,Connective
10763,Immune
14352,Immune
12225,Immune
11565,Immune
11175,Connective
14432,Immune
11220,Connective
11681,Connective
13209,Connective
13728,Immune
13031,Connective
14065,Cancer
13075,Connective
13875,Connective
11017,Connective
10274,Connective
11563,Connective
13868,Immune
11453,Cancer
12609,Connective
14441,Immune
11139,Immune
11800,Immune
10913,Cancer
14355,Cancer
14485,Connective
13333,Immune
11554,Connective
13962,Connective
13160,Cancer
12704,Connective
12586,Immune
13213,Immune
12368,Immune
12627,Immune
10611,Connective
10655,Immune
12536,Immune
12150,Immune
13616,Connective
14380,Connective
11912,Normal
13799,Immune
14563,Normal
14916,Connective
13499,Normal
14299,Cancer
14960,Connective
11307,Immune
11287,Immune
11155,Immune
14915,Cancer
12364,Connective
12481,Connective
13585,Cancer
14304,Immune
12711,Immune
10576,Connective
13540,Immune
12908,Cancer
11597,Immune
11762,Immune
14994,Connective
10413,Immune
13319,Immune
10338,Immune
10101,Connective
11824,Connective
13550,Immune
12992,Immune
13239,Connective
14440,Cancer
13493,Connective
13189,Immune
14899,Immune
14934,Connective
14452,Immune
13107,Immune
14575,Immune
13828,Connective
12304,Connective
10941,Connective
12621,Connective
10447,Connective
13505,Cancer
11534,Connective
14324,Connective
13724,Immune
13014,Connective
11679,Connective
13778,Connective
10752,Immune
12501,Connective
11735,Immune
13777,Immune
14068,Connective
10369,Immune
14680,Cancer
12601,Immune
12240,Connective
11499,Connective
13484,Immune
14136,Connective
11189,Connective
14980,Connective
13246,Immune
12026,Connective
11368,Cancer
12906,Connective
12581,Connective
13441,Immune
13224,Immune
15007,Immune
12256,Cancer
11803,Connective
12602,Immune
13354,Immune
12331,Immune
13733,Connective
10436,Immune
11966,Immune
14798,Immune
13299,Connective
14048,Connective
12935,Immune
13467,Connective
14889,Immune
10703,Immune
14267,Immune
14066,Connective
11718,Immune
12619,Connective
13227,Connective
13237,Cancer
14387,Immune
12996,Connective
13013,Immune
10249,Connective
10060,Immune
11047,Immune
12362,Connective
12879,Connective
12494,Immune
14149,Immune
12361,Connective
12485,Connective
12583,Connective
14378,Cancer
14310,Immune
12531,Immune
11163,Immune
14425,Immune
13033,Cancer
13455,Immune
10242,Connective
14664,Cancer
12218,Immune
14581,Connective
14914,Connective
13425,Connective
13510,Connective
11530,Normal
13341,Connective
11731,Immune
14019,Connective
12185,Connective
11422,Immune
10154,Connective
11847,Immune
14860,Cancer
14527,Immune
11254,Cancer
12066,Cancer
14850,Connective
12595,Connective
12751,Immune
10432,Immune
11700,Cancer
11515,Immune
10787,Connective
14082,Connective
10448,Immune
14109,Cancer
10459,Immune
13802,Connective
10115,Normal
10740,Immune
12880,Cancer
11161,Cancer
10505,Connective
12408,Connective
12652,Connective
13026,Cancer
13734,Connective
10270,Connective
11949,Cancer
11567,Connective
12151,Connective
13787,Connective
10507,Cancer
14366,Immune
14358,Cancer
10264,Connective
10827,Connective
13138,Immune
10859,Cancer
10159,Cancer
10578,Immune
12234,Immune
10036,Immune
10259,Connective
11957,Cancer
10922,Connective
13035,Immune
12812,Immune
11298,Immune
14879,Connective
10134,Connective
11580,Cancer
10786,Normal
14927,Cancer
14013,Immune
14870,Connective
10130,Immune
10006,Cancer
10838,Immune
14351,Connective
12931,Connective
13632,Normal
11769,Connective
10179,Connective
13867,Immune
14075,Connective
11407,Connective
12015,Immune
12688,Connective
11401,Cancer
14696,Cancer
11838,Cancer
13219,Connective
14811,Connective
14336,Cancer
12309,Cancer
14257,Cancer
14153,Connective
11081,Immune
11386,Connective
12807,Connective
13415,Immune
13647,Connective
10491,Connective
10624,Connective
12607,Connective
13399,Connective
11904,Immune
14030,Connective
11291,Immune
13171,Connective
14833,Immune
13951,Immune
11007,Cancer
11761,Connective
11788,Cancer
14844,Connective
12474,Connective
11434,Normal
13307,Connective
10435,Connective
10186,Immune
13221,Connective
14627,Connective
14414,Cancer
13450,Connective
10069,Connective
10185,Cancer
13630,Connective
10463,Connective
12326,Connective
12806,Cancer
10702,Connective
14824,Cancer
12141,Immune
12283,Immune
14145,Cancer
14809,Connective
10277,Immune
12988,Connective
14669,Cancer
11128,Immune
14818,Connective
14069,Connective
12606,Cancer
14283,Immune
11889,Connective
13980,Cancer
11053,Connective
10206,Immune
10559,Immune
10373,Connective
10330,Cancer
13753,Connective
12817,Connective
13389,Immune
10433,Connective
10954,Cancer
10344,Connective
10208,Connective
13274,Immune
12428,Immune
10495,Normal
12095,Immune
12180,Immune
12710,Connective
10257,Immune
14251,Connective
13088,Connective
11577,Connective
10458,Connective
14961,Cancer
13457,Immune
11813,Immune
10960,Immune
13105,Cancer
11828,Immune
10047,Connective
14936,Connective
11332,Immune
13199,Connective
13717,Cancer
12136,Connective
10377,Immune
13231,Connective
13893,Connective
14841,Connective
11727,Immune
13023,Connective
10253,Connective
14654,Immune
11588,Connective
14866,Immune
12438,Immune
13108,Cancer
14192,Immune
11752,Immune
10823,Immune
11518,Connective
12662,Cancer
12524,Immune
14967,Connective
14983,Immune
13012,Immune
12755,Immune
12193,Connective
11963,Connective
10076,Connective
14542,Immune
13814,Cancer
11997,Cancer
10631,Connective
13861,Immune
12837,Connective
12464,Immune
11736,Connective
11409,Connective
13894,Cancer
14571,Connective
12645,Connective
11759,Immune
13946,Immune
14717,Connective
14557,Cancer
14282,Connective
14793,Immune
11067,Immune
14657,Connective
12226,Cancer
13651,Normal
12411,Connective
10396,Connective
14591,Cancer
10623,Connective
11854,Connective
14596,Cancer
12405,Connective
10150,Immune
13095,Connective
11520,Immune
12406,Connective
11010,Cancer
14186,Immune
11712,Cancer
10564,Connective
11263,Cancer
11861,Connective
10205,Connective
13623,Connective
14865,Immune
13874,Connective
13163,Immune
13081,Connective
11026,Connective
11470,Connective
10536,Immune
14106,Cancer
12854,Connective
11850,Immune
14045,Immune
14814,Immune
10720,Normal
11558,Cancer
11857,Connective
12407,Connective
11665,Connective
10084,Connective
14218,Connective
11323,Cancer
12894,Normal
12039,Cancer
13553,Connective
14753,Connective
14906,Cancer
12827,Immune
12278,Cancer
12085,Immune
14093,Immune
10019,Cancer
10371,Immune
11694,Connective
11544,Immune
11231,Immune
13082,Connective
14244,Immune
11723,Connective
11438,Connective
11005,Immune
10901,Immune
13688,Connective
12465,Connective
13804,Connective
12846,Immune
10848,Connective
13413,Immune
12682,Connective
14426,Connective
13745,Connective
10157,Connective
12870,Cancer
14359,Cancer
13212,Normal
11241,Cancer
13993,Immune
11756,Immune
13850,Connective
10334,Immune
11996,Connective
12365,Immune
10788,Cancer
14659,Cancer
10131,Cancer
11049,Connective
11754,Immune
11486,Immune
13741,Normal
14099,Immune
13937,Connective
12260,Connective
11352,Connective
12584,Cancer
13282,Cancer
14247,Cancer
11539,Connective
11234,Connective
13178,Immune
14221,Connective
14902,Connective
10403,Cancer
10140,Immune
13944,Immune
12146,Immune
11589,Immune
12976,Connective
14363,Connective
10606,Connective
11375,Cancer
10982,Connective
12281,Connective
10223,Connective
13113,Connective
10782,Connective
11778,Connective
11685,Connective
14853,Immune
14512,Immune
10218,Immune
10828,Cancer
11074,Immune
13041,Connective
14016,Connective
13565,Immune
13532,Immune
12629,Connective
14265,Immune
11599,Immune
14390,Connective
10234,Connective
10452,Immune
13343,Immune
13866,Immune
11411,Immune
11632,Connective
10598,Immune
12484,Connective
12258,Connective
14633,Immune
14773,Immune
11359,Connective
13070,Connective
12921,Normal
12948,Cancer
11341,Immune
14388,Cancer
10561,Connective
11982,Cancer
13807,Connective
10539,Immune
11259,Immune
10593,Immune
14554,Connective
14331,Immune
13359,Immune
11568,Connective
14545,Cancer
14197,Normal
12985,Cancer
14665,Immune
13055,Immune
14183,Immune
12519,Immune
12257,Immune
12488,Connective
14734,Immune
11992,Immune
14888,Cancer
13862,Immune
13465,Immune
11122,Connective
14264,Immune
12739,Immune
10224,Connective
12250,Immune
12750,Connective
10070,Immune
14695,Immune
14740,Cancer
11192,Connective
10056,Connective
11956,Connective
13452,Connective
10734,Immune
10473,Connective
12793,Immune
10966,Connective
14213,Cancer
12081,Cancer
14723,Connective
11777,Cancer
13909,Connective
14807,Connective
12224,Normal
12046,Immune
12783,Immune
11654,Normal
10286,Connective
13445,Connective
11972,Connective
13511,Immune
10043,Immune
12989,Connective
12942,Connective
14619,Immune
14718,Immune
12080,Immune
13507,Connective
14637,Connective
10588,Connective
10928,Immune
14504,Cancer
10327,Immune
10031,Connective
10367,Cancer
12460,Immune
11894,Immune
14413,Cancer
13128,Immune
10772,Connective
13039,Connective
11989,Immune
13371,Connective
11292,Connective
12440,Connective
11624,Cancer
13816,Immune
14757,Connective
11830,Cancer
14273,Cancer
11059,Immune
12546,Connective
11962,Cancer
12545,Immune
11508,Cancer
12221,Connective
14126,Connective
12306,Immune
14904,Immune
13779,Connective
14772,Immune
10810,Connective
11056,Immune
11507,Immune
10629,Cancer
11883,Cancer
14131,Immune
12297,Immune
12154,Immune
14998,Cancer
11564,Immune
11210,Connective
14754,Normal
12808,Immune
10258,Immune
11132,Connective
12885,Immune
15021,Connective
11922,Immune
14156,Connective
11238,Connective
10500,Cancer
14751,Connective
13736,Connective
13640,Connective
12173,Cancer
13701,Cancer
15025,Connective
11125,Connective
12828,Immune
13914,Cancer
14003,Cancer
13195,Cancer
14343,Connective
12360,Connective
13045,Immune
14583,Immune
11403,Immune
10904,Immune
13542,Connective
12447,Immune
10320,Immune
10240,Cancer
12654,Connective
12756,Cancer
13182,Cancer
13904,Immune
12142,Immune
14161,Connective
13325,Immune
13856,Immune
14736,Connective
11113,Cancer
12929,Cancer
14276,Immune
12040,Connective
10269,Immune
14565,Immune
13891,Cancer
15026,Connective
13928,Immune
12838,Immune
12635,Connective
14011,Immune
13043,Immune
14217,Connective
11984,Immune
14362,Connective
10003,Connective
14086,Connective
11092,Immune
14371,Immune
14179,Connective
14901,Immune
15029,Immune
11348,Connective
10397,Connective
13869,Immune
12195,Cancer
12079,Connective
11370,Immune
13810,Connective
14498,Immune
11902,Immune
10212,Cancer
10776,Connective
11363,Cancer
10391,Connective
11117,Cancer
13230,Connective
10125,Connective
13923,Cancer
10673,Connective
10204,Connective
10172,Immune
11741,Connective
14625,Connective
12003,Cancer
12925,Connective
13289,Connective
14233,Connective
14939,Immune
10020,Immune
10775,Immune
12227,Immune
12192,Cancer
12567,Immune
12333,Connective
10494,Immune
13637,Connective
12288,Connective
13332,Normal
11519,Cancer
11295,Immune
11384,Connective
10651,Immune
10232,Immune
12187,Connective
14935,Immune
13738,Cancer
12708,Immune
13871,Connective
13077,Immune
11119,Cancer
14864,Immune
13905,Connective
14758,Cancer
13706,Immune
15010,Connective
10363,Connective
14026,Cancer
12543,Connective
12174,Immune
13840,Connective
10048,Connective
11820,Connective
10416,Cancer
11277,Immune
11881,Connective
13988,Connective
14020,Connective
14796,Immune
14894,Immune
13742,Connective
12732,Connective
12389,Connective
11776,Connective
10214,Connective
11333,Immune
13877,Immune
14482,Connective
11458,Immune
11408,Immune
13917,Cancer
13133,Immune
13111,Connective
12723,Immune
11637,Connective
11946,Normal
14646,Normal
11366,Immune
14971,Connective
11199,Immune
12852,Connective
10774,Connective
10769,Immune
14041,Connective
12311,Immune
11126,Connective
14522,Connective
12794,Immune
10001,Connective
12317,Immune
11465,Connective
10161,Connective
13234,Connective
13838,Immune
14574,Cancer
11464,Connective
12132,Connective
13191,Immune
12005,Immune
13854,Immune
14787,Immune
10821,Cancer
12217,Immune
10568,Immune
11309,Normal
11650,Connective
14472,Immune
10445,Immune
11859,Immune
10577,Connective
12369,Cancer
12718,Cancer
14401,Immune
13089,Immune
11862,Immune
12973,Cancer
13049,Immune
14764,Connective
10975,Immune
12327,Immune
12206,Connective
11137,Immune
13363,Cancer
13030,Connective
14827,Immune
10853,Immune
14305,Immune
12955,Normal
14737,Immune
12905,Immune
13535,Connective
12396,Connective
13130,Immune
11939,Connective
13896,Connective
14000,Connective
10965,Normal
11826,Connective
11932,Connective
15008,Immune
14067,Connective
13402,Cancer
12856,Immune
10529,Connective
13462,Connective
11636,Connective
11027,Cancer
12028,Connective
13737,Immune
10888,Immune
10781,Immune
12809,Immune
12603,Immune
10108,Immune
11379,Immune
12774,Immune
12082,Immune
13236,Immune
11917,Normal
14087,Immune
11318,Immune
11024,Cancer
11626,Connective
12098,Cancer
14644,Connective
12198,Immune
13334,Normal
12822,Connective
13267,Cancer
14747,Connective
11928,Immune
10231,Immune
12927,Connective
10733,Immune
12778,Immune
12521,Cancer
13010,Immune
12237,Immune
10944,Immune
12358,Connective
10948,Cancer
11237,Connective
11669,Immune
10034,Cancer
13656,Immune
12698,Cancer
14410,Connective
12176,Immune
10428,Connective
10098,Normal
12001,Cancer
10854,Immune
12691,Immune
14120,Immune
13475,Connective
13432,Immune
10681,Connective
14605,Immune
11089,Connective
11088,Connective
12740,Immune
10523,Connective
12316,Cancer
11943,Connective
10164,Normal
13393,Cancer
10449,Immune
14191,Cancer
13254,Cancer
11628,Immune
14600,Connective
13641,Connective
14206,Immune
14475,Immune
12166,Immune
12299,Immune
13842,Immune
13625,Immune
11649,Cancer
15041,Connective
14674,Normal
13232,Immune
13161,Connective
11190,Connective
14347,Connective
14963,Connective
12626,Cancer
11849,Connective
13537,Connective
11521,Connective
14046,Immune
13760,Cancer
12551,Immune
13945,Immune
10380,Connective
13377,Immune
13453,Cancer
11919,Immune
10423,Connective
13870,Immune
10815,Immune
12541,Normal
14652,Connective
10361,Immune
13757,Connective
11879,Immune
10278,Immune
14851,Connective
11474,Connective
11705,Connective
13524,Immune
13057,Normal
14729,Immune
12400,Immune
10462,Connective
11935,Connective
11077,Immune
12182,Connective
11222,Immune
12162,Connective
10585,Immune
13534,Immune
14987,Connective
12630,Immune
14489,Connective
12183,Connective
13091,Immune
11663,Immune
12495,Cancer
13851,Immune
14822,Cancer
12238,Immune
14973,Cancer
11145,Immune
10649,Cancer
13424,Normal
13557,Immune
11693,Connective
11203,Immune
11335,Immune
12975,Immune
10890,Connective
13162,Connective
10275,Immune
14953,Immune
13979,Immune
11575,Connective
10600,Cancer
14174,Connective
10384,Connective
12593,Connective
14881,Immune
10818,Connective
14678,Immune
12781,Connective
12181,Normal
11016,Connective
13922,Connective
14871,Immune
10151,Connective
11689,Normal
11714,Normal
14985,Immune
14317,Cancer
10127,Immune
10314,Connective
11380,Connective
14819,Cancer
13615,Immune
13401,Cancer
11354,Immune
11527,Immune
13975,Immune
11514,Immune
14374,Cancer
14745,Immune
12188,Immune
14182,Connective
13250,Connective
14952,Connective
11937,Connective
11522,Normal
11785,Immune
12605,Connective
10116,Cancer
14874,Immune
14270,Connective
10749,Immune
10643,Normal
11459,Immune
11274,Connective
14047,Immune
14349,Cancer
13170,Normal
12443,Immune
13097,Immune
10581,Immune
14900,Immune
10980,Immune
11218,Cancer
10313,Connective
10618,Connective
13350,Immune
10267,Immune
10648,Immune
10405,Connective
12696,Immune
11069,Connective
13958,Cancer
10555,Immune
10937,Connective
11610,Immune
10484,Connective
12839,Connective
13719,Connective
10050,Connective
10393,Connective
11616,Immune
14808,Normal
10793,Connective
12518,Immune
13549,Immune
13652,Connective
14178,Immune
14842,Connective
10239,Connective
10319,Immune
14437,Connective
11472,Immune
10471,Immune
10504,Connective
11944,Immune
13599,Connective
10453,Cancer
11374,Immune
11114,Cancer
10073,Immune
12653,Connective
13173,Immune
12097,Connective
12147,Immune
14237,Cancer
11280,Connective
13127,Connective
10757,Immune
13309,Connective
10385,Immune
14284,Connective
13411,Connective
13351,Immune
11858,Immune
13052,Immune
12303,Connective
13175,Immune
14716,Immune
12951,Connective
14367,Immune
12690,Cancer
10839,Immune
12341,Cancer
12657,Connective
11763,Connective
10898,Cancer
12611,Connective
12801,Connective
10387,Connective
10590,Immune
12190,Immune
10192,Connective
10676,Connective
10711,Connective
10196,Immune
13064,Connective
11279,Connective
13819,Immune
14592,Immune
14609,Connective
14171,Immune
13698,Connective
14254,Cancer
13090,Connective
11571,Connective
10771,Immune
13773,Connective
10542,Connective
10846,Immune
12592,Immune
10817,Cancer
13211,Connective
14957,Immune
14443,Cancer
14332,Connective
12526,Immune
14776,Connective
12509,Connective
14097,Connective
13558,Cancer
13185,Immune
13153,Connective
13024,Connective
14954,Immune
12633,Normal
14685,Connective
13120,Connective
12137,Connective
13791,Connective
12912,Cancer
14051,Normal
11670,Connective
14762,Immune
13577,Connective
10395,Immune
14189,Connective
11517,Immune
14017,Connective
12375,Normal
13362,Connective
10401,Connective
13483,Immune
14100,Connective
12277,Connective
11523,Immune
13653,Connective
13519,Immune
14476,Immune
12829,Connective
14917,Immune
12210,Connective
13554,Connective
10061,Connective
14722,Connective
10203,Connective
11540,Cancer
12131,Immune
10379,Immune
11816,Immune
11562,Cancer
11794,Cancer
13044,Cancer
14979,Immune
10122,Cancer
10132,Immune
10976,Connective
13136,Immune
11463,Immune
10228,Immune
13218,Connective
10940,Immune
13586,Immune
12124,Connective
11288,Cancer
11414,Immune
10592,Cancer
14302,Connective
10158,Immune
10174,Immune
11083,Immune
11755,Cancer
13063,Connective
14356,Connective
12946,Immune
14683,Immune
11420,Cancer
10165,Immune
13965,Connective
14004,Immune
11969,Normal
12014,Immune
12002,Immune
10927,Connective
12907,Immune
12392,Connective
14523,Immune
13342,Immune
12301,Cancer
12550,Immune
14463,Immune
12090,Immune
13284,Connective
13529,Connective
13356,Connective
12352,Connective
13488,Immune
10372,Connective
10675,Connective
14977,Immune
12395,Immune
10148,Immune
14078,Connective
11134,Connective
11308,Connective
11479,Immune
10014,Connective
11933,Connective
11745,Connective
13801,Immune
10849,Connective
11585,Immune
11797,Immune
13662,Cancer
10549,Connective
11272,Connective
14184,Immune
13430,Immune
14301,Immune
14859,Connective
14898,Connective
12387,Cancer
14820,Cancer
12683,Immune
13936,Connective
14534,Connective
14794,Connective
11744,Immune
11248,Immune
11497,Cancer
11867,Cancer
10999,Immune
12707,Immune
10360,Immune
10041,Immune
12578,Cancer
10182,Immune
12133,Connective
11494,Normal
12511,Immune
13885,Immune
10357,Connective
12289,Immune
12092,Cancer
10732,Connective
12768,Connective
10667,Cancer
14549,Immune
10699,Immune
13713,Connective
11560,Immune
13172,Immune
11086,Connective
14389,Cancer
11312,Immune
10657,Connective
10652,Cancer
11897,Immune
12893,Cancer
14726,Immune
13110,Immune
11753,Connective
11552,Immune
13704,Connective
10262,Connective
15034,Immune
13847,Immune
14640,Connective
10100,Cancer
11979,Immune
11538,Cancer
11640,Connective
13754,Connective
14293,Immune
11988,Normal
14162,Connective
11382,Cancer
11032,Immune
10582,Immune
11019,Immune
10362,Normal
11998,Connective
10545,Connective
13959,Immune
11910,Immune
11964,Immune
13932,Connective
12840,Immune
13414,Immune
13268,Connective
14613,Connective
10005,Connective
14705,Immune
13490,Immune
11703,Connective
12786,Normal
10029,Immune
10714,Connective
14439,Immune
10800,Connective
13005,Connective
10952,Normal
10460,Immune
12986,Connective
12164,Immune
12430,Immune
14693,Immune
12717,Immune
13520,Connective
11141,Connective
10727,Connective
11748,Immune
13390,Connective
14831,Connective
13506,Normal
11197,Connective
13589,Connective
12359,Connective
11706,Immune
13722,Connective
10758,Immune
11967,Cancer
14856,Immune
10508,Connective
10190,Immune
12459,Connective
11750,Connective
10936,Immune
13846,Immune
13208,Cancer
13666,Cancer
10144,Connective
13028,Immune
10836,Immune
11148,Immune
13661,Immune
10317,Immune
12047,Cancer
10303,Cancer
11171,Immune
10109,Immune
10390,Cancer
12216,Connective
12715,Cancer
14150,Immune
13881,Normal
14832,Immune
11057,Normal
11376,Cancer
13011,Immune
11361,Immune
10970,Connective
14333,Immune
13372,Immune
10968,Connective
14312,Cancer
14804,Connective
13707,Connective
14328,Cancer
13497,Immune
11994,Normal
12660,Immune
14922,Immune
11503,Connective
12512,Immune
10162,Normal
10290,Connective
12676,Immune
12849,Immune
13060,Connective
12417,Cancer
13479,Immune
13678,Immune
13302,Cancer
11068,Connective
11892,Normal
13897,Cancer
10325,Immune
11178,Connective
13066,Connective
14552,Connective
10961,Cancer
13037,Immune
13366,Connective
11205,Connective
12072,Connective
13674,Cancer
11629,Connective
14895,Immune
12349,Connective
12078,Immune
14096,Cancer
10049,Normal
14124,Immune
10919,Cancer
12064,Immune
11908,Immune
14839,Immune
11315,Immune
13293,Immune
14688,Immune
14152,Immune
13948,Connective
14118,Immune
10820,Cancer
11697,Immune
12108,Immune
12888,Normal
12747,Normal
11619,Immune
13504,Immune
10587,Connective
14434,Immune
11886,Connective
14146,Cancer
12011,Connective
13002,Connective
13541,Connective
12401,Immune
11601,Connective
12462,Connective
13762,Immune
10730,Immune
14779,Immune
12712,Connective
13339,Immune
11730,Immune
14274,Connective
11336,Immune
12842,Immune
14699,Immune
14769,Immune
10265,Immune
14148,Cancer
12991,Immune
13387,Immune
10933,Connective
10221,Immune
11690,Cancer
11349,Cancer
12722,Connective
14137,Cancer
14694,Connective
11136,Cancer
10984,Connective
14200,Immune
11431,Cancer
12057,Cancer
10895,Immune
12990,Immune
11353,Immune
13392,Immune
11456,Connective
11174,Immune
12328,Immune
13486,Connective
10767,Connective
14580,Connective
12901,Connective
14708,Immune
14094,Connective
14655,Immune
10105,Connective
14919,Connective
10795,Immune
14407,Connective
10169,Connective
11614,Connective
12480,Connective
11247,Cancer
12262,Connective
13222,Cancer
11793,Connective
13158,Cancer
13269,Cancer
13395,Immune
10887,Connective
13141,Connective
15012,Immune
11487,Connective
12155,Cancer
11594,Immune
14323,Immune
13981,Cancer
11233,Connective
10981,Immune
11682,Connective
10658,Connective
10117,Immune
10683,Connective
12754,Connective
13192,Connective
12477,Connective
14412,Connective
11224,Immune
11060,Immune
14802,Cancer
12476,Immune
11166,Connective
11978,Connective
12199,Normal
12025,Immune
13544,Immune
13358,Immune
12101,Cancer
12679,Connective
13913,Connective
14521,Connective
14910,Connective
14417,Connective
14738,Normal
11555,Connective
14140,Immune
11183,Immune
12787,Immune
12167,Immune
13360,Immune
15024,Connective
10292,Immune
10260,Cancer
14968,Connective
13636,Connective
10791,Cancer
10202,Immune
13921,Connective
12972,Cancer
11229,Immune
12686,Cancer
14062,Immune
11905,Cancer
10726,Immune
11303,Connective
11426,Immune
11895,Cancer
11144,Connective
14885,Connective
13167,Cancer
10410,Immune
11091,Immune
12919,Immune
13721,Cancer
10605,Immune
13292,Cancer
13501,Immune
10469,Connective
10244,Connective
13624,Connective
14024,Immune
12844,Connective
11950,Connective
11040,Immune
11028,Connective
11613,Immune
10715,Connective
14252,Cancer
13635,Connective
10931,Cancer
14195,Cancer
10858,Connective
14226,Connective
11302,Connective
14925,Connective
12612,Connective
11286,Immune
12587,Cancer
14681,Cancer
14986,Cancer
14635,Immune
10306,Immune
11051,Immune
13626,Immune
11120,Connective
10102,Cancer
10400,Connective
12970,Immune
12043,Connective
11809,Immune
13288,Connective
10707,Cancer
13204,Connective
10992,Connective
12215,Connective
12171,Connective
13032,Connective
14029,Connective
12454,Immune
12342,Immune
10870,Connective
12285,Cancer
12961,Immune
12987,Connective
13480,Connective
13689,Immune
13193,Immune
11683,Immune
14913,Connective
14057,Immune
10826,Immune
13552,Connective
12118,Cancer
12287,Connective
11738,Connective
12706,Connective
10861,Immune
12685,Normal
10201,Immune
10136,Immune
12067,Connective
12540,Immune
11983,Normal
10780,Immune
12998,Immune
10701,Immune
11709,Immune
11537,Cancer
14846,Connective
10909,Connective
14995,Cancer
14500,Cancer
13926,Immune
14495,Immune
14238,Immune
13429,Cancer
13115,Connective
14457,Cancer
12853,Immune
12924,Connective
12274,Cancer
10474,Connective
14530,Connective
10307,Immune
12819,Cancer
12339,Connective
14392,Immune
11548,Connective
14890,Connective
11934,Immune
13330,Immune
12833,Immune
14996,Connective
13834,Immune
14626,Normal
14950,Connective
14658,Immune
12675,Connective
11561,Connective
13970,Immune
13135,Cancer
10293,Connective
11873,Immune
14847,Immune
14766,Immune
10761,Connective
11837,Connective
14517,Connective
11725,Connective
12265,Connective
10690,Connective
12268,Immune
14711,Immune
13972,Immune
12135,Connective
11257,Immune
12390,Cancer
11096,Connective
12096,Normal
13836,Connective
10710,Connective
14942,Immune
14229,Normal
13476,Connective
14038,Connective
10801,Immune
10630,Immune
14984,Immune
14507,Immune
10207,Immune
11959,Connective
10515,Immune
11480,Cancer
11085,Cancer
13003,Cancer
13491,Immune
11329,Immune
13150,Connective
13739,Immune
11512,Connective
13747,Cancer
13677,Cancer
12291,Immune
12472,Connective
13772,Cancer
12800,Connective
11425,Cancer
11603,Connective
13603,Immune
14989,Cancer
13187,Cancer
12647,Immune
10004,Cancer
14090,Connective
12841,Immune
14433,Immune
11281,Cancer
10866,Connective
14002,Cancer
11216,Immune
10398,Immune
14586,Immune
10142,Cancer
12767,Cancer
10220,Connective
12315,Immune
10175,Connective
10575,Immune
10719,Connective
12336,Cancer
13261,Immune
10766,Cancer
11186,Connective
12397,Connective
11968,Connective
11046,Connective
11951,Connective
11310,Cancer
12527,Immune
11662,Immune
12442,Connective
11559,Immune
10291,Connective
14105,Connective
11385,Immune
12954,Cancer
10250,Connective
14327,Immune
12209,Normal
14297,Immune
12769,Immune
11002,Cancer
12981,Immune
13864,Immune
10079,Immune
14242,Connective
10739,Cancer
10229,Cancer
11817,Immune
12024,Connective
14599,Cancer
15016,Connective
12432,Connective
11061,Cancer
10833,Connective
11875,Immune
11221,Connective
13278,Immune
12565,Immune
10562,Connective
14484,Cancer
11473,Connective
13769,Normal
12614,Immune
12548,Immune
12335,Immune
10871,Connective
14783,Normal
13878,Connective
12639,Connective
11039,Connective
10697,Connective
11367,Immune
13617,Connective
12338,Immune
10323,Connective
14720,Immune
13119,Immune
10268,Connective
13627,Connective
13355,Cancer
10368,Connective
12875,Cancer
10567,Immune
12871,Immune
14598,Immune
14880,Cancer
13990,Cancer
12510,Immune
12213,Cancer
11501,Cancer
10063,Cancer
13134,Immune
13094,Cancer
14204,Immune
12952,Cancer
11704,Immune
13947,Cancer
10899,Cancer
11268,Cancer
14816,Connective
12394,Connective
12134,Cancer
11481,Cancer
13857,Connective
14548,Connective
12640,Connective
11653,Cancer
12255,Cancer
10669,Immune
10903,Cancer
11299,Cancer
11416,Connective
10736,Connective
14618,Immune
14945,Connective
12644,Connective
13776,Connective
13621,Connective
13126,Cancer
12797,Immune
11929,Connective
13459,Immune
15023,Connective
11227,Cancer
11116,Connective
12777,Immune
10383,Connective
14886,Immune
11260,Connective
13845,Connective
13601,Connective
14403,Immune
10687,Immune
11491,Cancer
11688,Immune
11958,Immune
10072,Immune
10814,Connective
10046,Connective
13420,Immune
13543,Connective
10441,Immune
14513,Immune
12969,Immune
12282,Connective
11955,Immune
13818,Immune
13895,Connective
13207,Immune
13164,Immune
13774,Immune
14383,Immune
11165,Immune
11038,Immune
11355,Immune
12008,Connective
12790,Normal
13784,Cancer
11094,Immune
11432,Immune
11410,Connective
11609,Cancer
11806,Connective
13968,Connective
10967,Immune
10995,Cancer
11249,Immune
10851,Connective
14595,Connective
10333,Cancer
14409,Connective
12535,Cancer
12851,Connective
10723,Connective
13376,Connective
13370,Immune
11123,Connective
14869,Connective
15022,Cancer
12866,Immune
10039,Immune
11041,Immune
13419,Connective
14573,Connective
14662,Immune
13272,Connective
11450,Cancer
11686,Immune
13262,Cancer
11293,Connective
14408,Immune
14060,Connective
13889,Immune
13887,Immune
12448,Cancer
10900,Connective
10807,Immune
12559,Connective
11342,Immune
12207,Immune
13438,Connective
14102,Immune
13313,Immune
14920,Connective
10021,Cancer
13361,Connective
12557,Immune
12636,Immune
10426,Cancer
12020,Connective
14345,Connective
14803,Connective
10521,Immune
14084,Connective
11786,Immune
12434,Connective
11317,Connective
13668,Cancer
14098,Cancer
11022,Connective
14335,Immune
11535,Connective
14771,Connective
13989,Immune
12720,Connective
11742,Normal
13322,Immune
13551,Immune
11202,Cancer
12941,Cancer
10271,Cancer
11734,Immune
13667,Immune
14667,Connective
13939,Immune
14903,Immune
13042,Immune
14835,Immune
12035,Connective
13340,Connective
14511,Immune
12936,Immune
13019,Connective
13367,Connective
12497,Immune
14079,Cancer
13456,Connective
12083,Connective
14458,Immune
13595,Immune
10252,Immune
15014,Connective
15011,Connective
15040,Immune
11783,Immune
11965,Immune
11866,Connective
14863,Connective
14316,Immune
14494,Cancer
14524,Connective
10660,Immune
12820,Immune
10950,Immune
12498,Connective
14561,Cancer
14546,Connective
13260,Connective
12610,Connective
12398,Immune
14958,Connective
10602,Connective
14647,Connective
12542,Immune
11630,Cancer
10450,Cancer
10594,Immune
14049,Connective
13587,Cancer
14108,Immune
13569,Connective
14486,Connective
13911,Connective
14629,Immune
13830,Cancer
11985,Immune
10381,Connective
12426,Connective
11906,Cancer
13007,Immune
12730,Connective
11262,Connective
14691,Immune
14510,Normal
12752,Connective
12826,Connective
11242,Immune
13324,Connective
14315,Immune
11230,Immune
10689,Immune
11154,Immune
14043,Cancer
11273,Immune
12127,Immune
11289,Immune
10520,Connective
12771,Immune
11760,Immune
10704,Connective
13101,Cancer
11825,Immune
14556,Connective
11729,Immune
14499,Connective
10916,Immune
10852,Connective
10018,Connective
11001,Connective
14610,Cancer
13684,Immune
11684,Connective
14294,Immune
14033,Immune
13197,Connective
10805,Immune
14375,Connective
10753,Cancer
12049,Connective
14876,Connective
13750,Normal
12425,Connective
10822,Cancer
13929,Connective
10700,Connective
11574,Cancer
11087,Connective
10813,Connective
14112,Connective
10227,Immune
10284,Connective
13080,Immune
12933,Cancer
10595,Connective
13021,Immune
11340,Connective
13196,Immune
13102,Connective
14125,Cancer
12409,Immune
10686,Connective
14023,Connective
12222,Immune
14539,Cancer
10589,Immune
11357,Normal
11065,Immune
11596,Immune
13225,Connective
11581,Immune
12200,Connective
13611,Connective
13884,Connective
13512,Cancer
14911,Cancer
10843,Immune
15028,Immune
14974,Connective
10386,Connective
14858,Cancer
10906,Connective
10339,Connective
10331,Immune
13561,Cancer
12158,Immune
11920,Immune
14050,Cancer
11381,Immune
13746,Connective
13591,Cancer
14101,Normal
14453,Immune
15033,Connective
10945,Connective
13880,Immune
12507,Immune
12214,Cancer
13407,Immune
14085,Normal
11947,Immune
12228,Connective
13301,Immune
10574,Connective
14194,Connective
10889,Connective
13017,Cancer
13863,Connective
13699,Immune
12114,Cancer
11043,Immune
12861,Immune
10057,Connective
11952,Connective
10905,Immune
14234,Connective
10247,Immune
14883,Connective
10946,Immune
10310,Immune
12613,Immune
11350,Immune
10486,Connective
10454,Connective
10604,Connective
12100,Connective
10420,Immune
10477,Connective
13515,Immune
12968,Connective
10289,Immune
12208,Connective
12963,Cancer
14501,Connective
11151,Cancer
11228,Connective
12334,Immune
12337,Normal
10569,Normal
11206,Connective
14165,Connective
13242,Immune
14240,Connective
13764,Connective
10709,Immune
15036,Immune
15015,Immune
13727,Immune
11442,Immune
13280,Cancer
10199,Connective
10579,Connective
12194,Connective
12421,Connective
13564,Connective
12928,Immune
14039,Immune
11771,Immune
14615,Immune
14169,Cancer
11651,Immune
10993,Connective
10406,Connective
13821,Cancer
11900,Immune
10644,Connective
12959,Immune
12017,Cancer
11271,Connective
13572,Connective
13687,Immune
10155,Connective
13336,Connective
14782,Immune
12109,Immune
10857,Immune
11940,Connective
13593,Connective
10943,Connective
10796,Cancer
13083,Connective
12070,Immune
13694,Immune
11692,Immune
12678,Immune
13584,Cancer
10375,Immune
14931,Normal
12564,Cancer
11195,Immune
11855,Immune
13860,Cancer
11261,Connective
12126,Connective
12789,Connective
13495,Cancer
12231,Immune
10110,Immune
12909,Connective
13749,Connective
13020,Cancer
11505,Cancer
12898,Connective
14648,Immune
10499,Cancer
11072,Immune
11345,Normal
12700,Immune
13835,Connective
10845,Cancer
13654,Connective
12021,Connective
10024,Cancer
12275,Immune
13264,Cancer
14250,Connective
10308,Immune
12773,Connective
12313,Connective
10718,Cancer
12766,Immune
13046,Immune
14992,Connective
11815,Immune
12296,Connective
12453,Connective
13311,Immune
14185,Immune
10015,Immune
14021,Immune
12863,Cancer
14318,Connective
10745,Cancer
10584,Immune
13670,Connective
14617,Connective
11404,Cancer
11478,Cancer
13431,Connective
11269,Connective
14361,Immune
10678,Connective
11591,Connective
10506,Immune
14481,Cancer
12418,Connective
13892,Connective
11739,Immune
11300,Connective
14203,Connective
12478,Connective
12573,Connective
14962,Immune
10724,Normal
14543,Connective
13987,Immune
13809,Connective
14908,Immune
14763,Connective
11101,Connective
14063,Connective
12116,Cancer
13579,Cancer
11796,Immune
13919,Immune
11835,Normal
14064,Cancer
12749,Connective
11579,Immune
10803,Immune
10882,Immune
14144,Normal
12271,Connective
10951,Connective
12458,Immune
10885,Connective
14385,Connective
12120,Immune
12179,Cancer
12886,Connective
14594,Immune
12486,Connective
13596,Connective
14800,Immune
11319,Immune
12145,Immune
10566,Connective
12379,Connective
14081,Immune
11387,Connective
12632,Immune
14497,Cancer
13620,Immune
11397,Connective
13154,Connective
14855,Immune
14604,Normal
10748,Immune
13369,Immune
10246,Immune
11093,Connective
14058,Cancer
13924,Immune
11526,Immune
11014,Immune
12404,Normal
13312,Immune
12491,Connective
13991,Immune
10750,Immune
14848,Connective
14969,Connective
11180,Connective
11169,Connective
11666,Immune
11715,Connective
13808,Connective
11496,Immune
13025,Cancer
12367,Immune
13245,Immune
12709,Connective
11726,Cancer
10625,Connective
12825,Connective
13983,Connective
12103,Connective
14241,Connective
14682,Connective
13000,Connective
13783,Normal
14852,Connective
12086,Connective
12596,Connective
11587,Connective
10596,Connective
12646,Cancer
14072,Immune
12522,Immune
12403,Connective
11110,Connective
10591,Cancer
10525,Immune
10356,Connective
14559,Connective
12966,Normal
14867,Immune
11770,Immune
10146,Connective
10953,Normal
10963,Connective
10516,Cancer
14466,Immune
12858,Cancer
14177,Immune
13233,Connective
11525,Immune
10419,Immune
13106,Connective
10650,Connective
11942,Connective
11283,Immune
10572,Connective
11488,Connective
11840,Immune
10735,Cancer
13725,Immune
14806,Connective
10522,Cancer
10989,Connective
14940,Connective
13444,Connective
11899,Cancer
13693,Immune
10404,Immune
13331,Connective
12695,Immune
14230,Connective
10145,Connective
11698,Cancer
14893,Immune
14135,Cancer
14541,Immune
10930,Immune
10770,Immune
13755,Immune
12529,Immune
11891,Immune
13298,Immune
14188,Immune
10607,Immune
10394,Connective
12530,Connective
11648,Immune
14423,Connective
14784,Normal
10409,Cancer
11823,Cancer
11244,Immune
14164,Connective
12591,Cancer
11782,Immune
13485,Immune
11634,Connective
14569,Immune
13898,Cancer
10237,Connective
10415,Normal
13386,Immune
11146,Connective
13143,Immune
13531,Connective
10251,Immune
12887,Connective
12643,Connective
12588,Connective
10337,Connective
10925,Connective
13649,Immune
13168,Connective
11772,Connective
13663,Immune
10033,Immune
10659,Immune
14014,Immune
13294,Connective
13829,Immune
13320,Immune
13633,Immune
11446,Immune
12916,Connective
10067,Connective
11004,Normal
12703,Immune
10429,Normal
13190,Normal
14419,Connective
10850,Immune
11358,Immune
14959,Immune
14246,Immune
12862,Immune
10191,Immune
13925,Cancer
14932,Normal
11852,Connective
14845,Connective
14196,Immune
13665,Immune
12475,Immune
12241,Immune
14492,Immune
14966,Connective
12427,Immune
13068,Connective
12071,Cancer
12798,Connective
11593,Cancer
12878,Connective
13353,Normal
10892,Cancer
14823,Cancer
10694,Connective
13803,Cancer
12010,Connective
10168,Immune
11182,Connective
14585,Connective
14228,Normal
10783,Connective
13538,Connective
10032,Immune
12186,Immune
11936,Immune
13327,Immune
12788,Connective
14728,Immune
10030,Immune
10328,Normal
11954,Connective
12007,Connective
14180,Immune
14190,Connective
11276,Immune
12659,Immune
10417,Immune
12638,Immune
10177,Immune
11278,Normal
12220,Connective
10601,Immune
10738,Immune
11925,Connective
12363,Immune
11159,Cancer
10934,Connective
14009,Connective
13194,Immune
12074,Immune
10075,Connective
11048,Cancer
12980,Cancer
13794,Immune
14281,Connective
14354,Connective
11104,Connective
14071,Immune
13609,Cancer
10197,Cancer
12563,Cancer
14792,Immune
12413,Connective
14300,Cancer
13590,Immune
11018,Cancer
11055,Immune
14056,Immune
14364,Immune
13373,Immune
12402,Connective
12967,Immune
12031,Connective
12437,Immune
11266,Immune
10878,Immune
12947,Immune
11710,Immune
11162,Immune
12252,Cancer
14216,Immune
14181,Connective
12063,Immune
12019,Immune
14503,Cancer
14422,Connective
10444,Cancer
13263,Immune
13006,Immune
10754,Immune
10455,Immune
14799,Cancer
10816,Immune
10863,Immune
14462,Immune
14268,Immune
14344,Immune
12569,Connective
11509,Immune
13700,Connective
10721,Connective
10099,Cancer
12168,Connective
12579,Connective
10509,Immune
14946,Connective
13680,Immune
13279,Immune
13797,Connective
13318,Connective
13048,Connective
10613,Connective
12556,Immune
12055,Immune
14710,Connective
14438,Connective
10798,Connective
14666,Connective
12943,Immune
10519,Immune
12243,Cancer
12865,Immune
10550,Connective
14113,Connective
11325,Immune
12399,Connective
14431,Immune
14714,Immune
11424,Connective
14256,Cancer
14732,Immune
10355,Cancer
11918,Connective
10932,Connective
10825,Connective
11149,Immune
11219,Immune
10671,Cancer
13059,Connective
12741,Immune
11147,Immune
12300,Immune
14307,Connective
15009,Immune
11294,Connective
10729,Immune
10097,Connective
10336,Cancer
13525,Connective
13703,Immune
14905,Immune
12566,Connective
11801,Cancer
12143,Immune
11839,Cancer
14220,Cancer
13613,Immune
10974,Immune
14690,Connective
14909,Immune
11878,Cancer
12719,Immune
13903,Connective
14707,Connective
12062,Immune
12455,Cancer
11553,Connective
12860,Cancer
10679,Immune
14656,Immune
12318,Immune
12140,Connective
11655,Normal
11054,Connective
11215,Immune
12796,Cancer
10785,Connective
10537,Immune
14815,Immune
11223,Immune
13527,Cancer
12469,Cancer
12466,Connective
14607,Immune
10053,Connective
13347,Immune
14918,Connective
10685,Immune
11098,Connective
10238,Immune
11033,Immune
10684,Connective
12953,Immune
10487,Connective
10128,Connective
12009,Connective
14550,Cancer
11429,Connective
10832,Immune
13220,Immune
10666,Connective
15032,Immune
12353,Connective
11841,Immune
10969,Connective
10392,Connective
12130,Immune
10438,Normal
11084,Immune
13047,Cancer
12549,Immune
10641,Cancer
13352,Connective
11172,Connective
13940,Immune
14469,Immune
10479,Connective
10298,Immune
13992,Immune
13516,Connective
12891,Immune
12106,Connective
14479,Connective
13800,Cancer
13428,Immune
11747,Connective
10488,Immune
11445,Normal
13509,Connective
13574,Immune
12350,Cancer
10346,Immune
11495,Connective
10118,Immune
10586,Immune
11075,Cancer
13573,Cancer
12864,Cancer
14193,Connective
13072,Immune
13296,Connective
10123,Cancer
10087,Cancer
12765,Connective
12568,Immune
12859,Connective
11600,Connective
13062,Immune
13345,Cancer
13853,Cancer
11645,Cancer
11133,Cancer
11948,Connective
14231,Immune
11909,Connective
12027,Immune
10088,Cancer
10276,Immune
14887,Connective
12533,Cancer
13517,Cancer
13533,Immune
10402,Immune
13849,Immune
14941,Immune
12308,Cancer
12424,Immune
14280,Cancer
14560,Immune
12489,Immune
12422,Immune
13061,Immune
13335,Cancer
14836,Connective
10869,Connective
12791,Immune
13394,Immune
13474,Immune
12694,Immune
13118,Connective
14997,Connective
14670,Connective
10646,Connective
10283,Connective
10152,Connective
13252,Immune
14663,Immune
14055,Connective
13117,Immune
10241,Immune
11784,Cancer
13614,Cancer
12552,Cancer
10527,Immune
13096,Connective
11798,Immune
11129,Immune
10074,Cancer
12175,Cancer
11774,Cancer
10955,Normal
12449,Immune
11412,Cancer
14630,Immune
13702,Immune
10747,Immune
13715,Immune
12753,Cancer
10883,Connective
11013,Cancer
14608,Immune
13766,Connective
13984,Cancer
11461,Immune
10342,Immune
12290,Connective
13297,Connective
10706,Connective
14365,Connective
10176,Connective
13166,Cancer
10412,Immune
11285,Immune
11204,Cancer
10200,Immune
13433,Immune
12589,Cancer
14119,Connective
11656,Connective
14249,Connective
13559,Cancer
11911,Immune
12598,Immune
12984,Immune
13967,Cancer
14597,Immune
11871,Cancer
14010,Connective
11476,Immune
11844,Immune
14430,Cancer
13410,Connective
12734,Cancer
13122,Immune
11781,Normal
13216,Cancer
10560,Connective
12664,Immune
12650,Cancer
10603,Immune
11876,Immune
12571,Cancer
14590,Immune
10879,Connective
13576,Cancer
14810,Cancer
14198,Immune
12178,Cancer
10340,Connective
10764,Connective
13427,Immune
12776,Connective
13198,Connective
10921,Immune
12123,Immune
12784,Immune
12052,Immune
12577,Immune
11721,Immune
13841,Immune
13409,Immune
13421,Immune
14446,Immune
14377,Immune
11819,Connective
13357,Immune
13276,Cancer
10352,Immune
13478,Cancer
10862,Immune
14551,Immune
10511,Cancer
10886,Connective
12102,Immune
11995,Immune
15006,Immune
10153,Immune
10273,Immune
13941,Connective
14964,Connective
14749,Connective
12731,Immune
10923,Connective
14572,Connective
11961,Immune
11576,Cancer
10682,Normal
12845,Connective
10755,Immune
12029,Immune
11993,Normal
14296,Immune
13669,Immune
12420,Immune
11477,Connective
12314,Cancer
14269,Immune
12129,Cancer
13930,Connective
13823,Connective
13241,Immune
13435,Connective
13016,Connective
14687,Cancer
13915,Immune
15001,Connective
13247,Connective
14372,Immune
11890,Cancer
11805,Connective
10388,Cancer
12775,Connective
13223,Immune
10911,Cancer
13157,Connective
10692,Connective
12000,Connective
15031,Immune
10552,Connective
11924,Immune
13781,Connective
13974,Immune
13672,Connective
11398,Immune
12414,Immune
14208,Immune
12053,Immune
11569,Cancer
14533,Cancer
13364,Immune
14706,Cancer
11510,Immune
13607,Immune
12119,Immune
13582,Immune
14298,Immune
10983,Normal
13148,Immune
11452,Connective
10012,Connective
12172,Connective
14790,Immune
13931,Connective
11127,Immune
13300,Connective
13608,Normal
12945,Cancer
12416,Cancer
14382,Immune
11194,Connective
11814,Immune
14211,Connective
11664,Cancer
10248,Connective
11633,Connective
12759,Cancer
14278,Connective
13718,Immune
11865,Immune
14007,Immune
10173,Normal
14070,Connective
10266,Connective
14568,Immune
14982,Connective
13859,Immune
10535,Immune
12372,Immune
11131,Connective
10439,Immune
11109,Connective
12084,Immune
11657,Immune
12253,Connective
10608,Immune
11490,Connective
12902,Immune
14042,Immune
13397,Immune
11921,Immune
10183,Cancer
11441,Cancer
13571,Immune
10295,Immune
10947,Immune
12832,Cancer
12918,Immune
10287,Connective
12354,Cancer
14620,Connective
12537,Connective
11926,Immune
12295,Normal
14981,Immune
14227,Connective
10510,Connective
13566,Cancer
14567,Connective
14092,Cancer
11304,Connective
14602,Immune
11717,Connective
11622,Cancer
12599,Cancer
10693,Immune
14785,Cancer
11066,Cancer
13708,Connective
13259,Connective
12514,Connective
14636,Cancer
14261,Immune
11000,Connective
10935,Connective
12473,Connective
14139,Connective
11435,Cancer
14529,Immune
10103,Connective
11455,Immune
10092,Connective
11339,Immune
13583,Cancer
14166,Connective
13604,Connective
10875,Connective
14290,Immune
13056,Normal
11105,Connective
11124,Immune
14875,Immune
13848,Connective
14532,Immune
10996,Connective
10350,Immune
12212,Immune
14709,Immune
11311,Immune
13927,Connective
11321,Connective
11647,Connective
10864,Connective
11504,Immune
10844,Immune
15005,Connective
12555,Cancer
13079,Connective
11677,Connective
10095,Connective
10917,Connective
10382,Cancer
13116,Connective
11646,Cancer
14350,Immune
10680,Normal
13780,Immune
11775,Immune
14520,Immune
10973,Immune
14121,Connective
14456,Connective
10028,Immune
12094,Connective
12725,Immune
13265,Cancer
10949,Normal
14752,Immune
10751,Immune
11351,Immune
14975,Connective
11108,Immune
11115,Cancer
12835,Connective
14346,Connective
14544,Normal
13243,Connective
12377,Connective
11644,Immune
12585,Connective
13865,Immune
13374,Connective
10235,Connective
14339,Cancer
13995,Normal
13705,Connective
11608,Immune
14788,Immune
13602,Immune
13181,Immune
13228,Immune
14478,Connective
10907,Immune
10627,Cancer
10638,Immune
14692,Cancer
12232,Immune
14415,Cancer
12810,Immune
11930,Immune
10359,Immune
14040,Immune
13782,Cancer
11373,Connective
11590,Immune
11716,Cancer
13761,Connective
11547,Connective
13598,Immune
13682,Connective
10642,Immune
11331,Normal
14538,Immune
13726,Cancer
11153,Immune
12382,Connective
14319,Immune
10329,Immune
12089,Immune
12616,Immune
12065,Immune
12553,Connective
13034,Connective
10824,Connective
12562,Connective
13966,Immune
12042,Immune
13203,Immune
14454,Connective
14091,Connective
12242,Connective
14742,Connective
14025,Immune
11975,Cancer
14564,Connective
10910,Cancer
11252,Cancer
11584,Immune
12782,Connective
11344,Connective
10055,Connective
10052,Cancer
12050,Cancer
11080,Connective
11173,Connective
13338,Immune
13093,Cancer
10994,Immune
11235,Immune
13555,Immune
13768,Connective
10044,Immune
13470,Immune
11990,Immune
13440,Connective
13730,Immune
13071,Connective
14577,Connective
11976,Cancer
14172,Connective
13310,Cancer
14337,Immune
11052,Cancer
13065,Immune
12371,Connective
10007,Normal
12233,Connective
10513,Immune
10195,Normal
13434,Connective
12538,Immune
11631,Immune
10990,Normal
12520,Connective
13813,Connective
14731,Immune
13176,Cancer
10842,Connective
13969,Immune
13732,Cancer
10304,Immune
12340,Connective
12904,Connective
13489,Immune
13597,Immune
10524,Connective
14326,Immune
10497,Cancer
12355,Immune
12230,Immune
13205,Immune
14566,Connective
10187,Immune
11668,Immune
10114,Immune
14402,Connective
13522,Immune
11642,Connective
14015,Connective
10478,Immune
10773,Immune
12345,Cancer
10312,Immune
10078,Connective
14671,Immune
13305,Immune
13539,Connective
13660,Normal
13140,Immune
12528,Connective
11511,Immune
14531,Cancer
12115,Immune
13396,Immune
10089,Connective
14730,Immune
14205,Connective
14505,Immune
13146,Connective
13131,Connective
12245,Connective
13447,Connective
12978,Connective
11916,Connective
10543,Connective
12445,Cancer
13494,Immune
11812,Connective
11737,Immune
12762,Immune
14862,Immune
11250,Immune
11328,Connective
10914,Connective
12914,Immune
11842,Immune
11042,Connective
12994,Immune
14400,Cancer
14103,Connective
12249,Connective
10717,Immune
12594,Connective
10619,Connective
13142,Connective
10184,Immune
12161,Immune
10010,Connective
14837,Immune
11799,Cancer
14508,Connective
11676,Connective
14937,Normal
10531,Connective
14606,Immune
10058,Connective
11284,Immune
11848,Immune
10282,Immune
13406,Cancer
10746,Immune
14537,Immune
12580,Immune
13827,Connective
12848,Cancer
14725,Connective
13775,Immune
12874,Immune
14436,Connective
14444,Immune
12624,Cancer
13999,Connective
10180,Normal
11643,Immune
10305,Connective
14834,Connective
10129,Connective
11255,Immune
12836,Immune
14322,Cancer
10281,Connective
12673,Immune
12665,Immune
13277,Connective
11421,Normal
10085,Connective
10222,Connective
10133,Immune
11326,Connective
14001,Cancer
11440,Immune
12068,Immune
11981,Connective
14313,Immune
14473,Cancer
10245,Connective
13562,Connective
10792,Connective
11570,Immune
14471,Immune
14854,Immune
11045,Immune
14465,Connective
13103,Immune
10490,Immune
14673,Immune
13145,Cancer
10120,Immune
14054,Immune
12939,Connective
14418,Connective
11138,Connective
11436,Immune
12483,Immune
13471,Connective
10662,Connective
11702,Immune
13214,Immune
12170,Cancer
14672,Cancer
12298,Immune
14210,Connective
13179,Immune
11447,Immune
11112,Immune
10189,Connective
13177,Connective
11804,Immune
11225,Connective
14406,Immune
12037,Immune
11986,Immune
14207,Immune
14314,Immune
11833,Connective
14780,Connective
14712,Immune
14882,Immune
13530,Connective
13508,Immune
14603,Cancer
12993,Connective
12273,Cancer
12163,Immune
13645,Connective
14442,Immune
13454,Connective
10080,Immune
10876,Connective
12623,Cancer
11301,Immune
14311,Connective
11635,Immune
11419,Immune
10964,Immune
10027,Immune
14519,Immune
12582,Connective
10554,Immune
13304,Connective
11880,Connective
12515,Normal
14370,Immune
11620,Connective
10556,Cancer
12617,Immune
13109,Immune
11356,Normal
13152,Immune
10664,Connective
11140,Connective
11314,Connective
11118,Immune
10847,Immune
12075,Connective
10530,Connective
13657,Cancer
14496,Cancer
14744,Cancer
12728,Immune
13258,Immune
14141,Connective
11372,Connective
11541,Immune
12388,Connective
11037,Connective
14601,Immune
13186,Immune
11082,Immune
10326,Connective
10880,Immune
12940,Immune
14770,Immune
13403,Connective
11821,Connective
11550,Immune
11097,Immune
11320,Connective
10181,Immune
10986,Immune
14634,Connective
10526,Connective
12110,Connective
13568,Immune
12036,Cancer
12165,Immune
11142,Cancer
14170,Connective
13805,Immune
14384,Connective
12900,Immune
11143,Cancer
11191,Connective
10364,Cancer
14727,Immune
12930,Immune
14223,Immune
12325,Connective
12772,Cancer
11680,Immune
14623,Immune
13124,Immune
11029,Cancer
14353,Connective
10219,Connective
10166,Cancer
11008,Connective
13986,Connective
11674,Immune
14528,Connective
10263,Connective
12770,Cancer
12505,Connective
10071,Cancer
14142,Cancer
11639,Immune
13461,Immune
13316,Immune
13751,Immune
13950,Connective
13460,Immune
12663,Immune
10777,Immune
10156,Cancer
12561,Immune
14133,Immune
14259,Connective
14215,Connective
11158,Connective
13451,Normal
12744,Immune
11449,Immune
12802,Immune
12045,Connective
13681,Connective
13317,Immune
12439,Cancer
13303,Cancer
12269,Cancer
13600,Cancer
12030,Immune
10668,Immune
10430,Immune
10332,Immune
13618,Connective
11400,Connective
14381,Cancer
11888,Connective
14628,Connective
10389,Connective
14122,Immune
14461,Cancer
10518,Immune
10217,Immune
11528,Immune
12152,Cancer
11392,Immune
10873,Immune
13642,Immune
14073,Connective
14624,Immune
11868,Immune
14059,Connective
10011,Immune
11121,Immune
14797,Connective
10819,Immune
14258,Immune
11076,Connective
10349,Cancer
13852,Immune
10514,Immune
12532,Connective
12272,Connective
12937,Connective
13934,Immune
11791,Immune
14480,Connective
11064,Cancer
13004,Cancer
12648,Connective
12692,Connective
11991,Immune
11023,Normal
14639,Cancer
11253,Immune
14518,Immune
14849,Immune
12121,Immune
10064,Connective
14128,Connective
11980,Connective
12456,Immune
14593,Connective
11595,Immune
14878,Immune
10025,Immune
12761,Immune
13639,Normal
13588,Connective
12374,Normal
10744,Connective
14872,Immune
14570,Cancer
14741,Immune
14303,Connective
11896,Cancer
13365,Immune
15030,Immune
14272,Connective
11977,Connective
10476,Immune
10725,Cancer
14405,Cancer
11987,Normal
11870,Connective
13631,Connective
12088,Immune
13125,Immune
10068,Immune
10503,Cancer
12452,Immune
10609,Immune
11198,Connective
12419,Cancer
12332,Immune
10354,Immune
12823,Immune
14991,Connective
10645,Immune
14271,Immune
12737,Cancer
14830,Cancer
13098,Immune
10470,Cancer
13121,Immune
11062,Immune
10835,Connective
11471,Immune
10837,Immune
10640,Immune
12380,Immune
11931,Connective
14160,Immune
12122,Immune
13074,Immune
13935,Immune
12815,Connective
11011,Immune
11338,Connective
10407,Immune
12689,Connective
13100,Connective
12038,Cancer
13027,Immune
14795,Cancer
10472,Immune
11923,Immune
14760,Connective
10617,Immune
14334,Connective
14411,Connective
11733,Connective
13957,Connective
13785,Immune
13283,Cancer
14735,Connective
12060,Connective
14107,Connective
